place_name,place_country,place_maps,place_desc,place_att,place_airport
Amsterdam,Netherlands,"https://maps.google.com/?q=Amsterdam,+Netherlands&ftid=0x47c63fb5949a7755:0x6600fd4cb7c0af8d","Amsterdam ‚Äì A city rich with heritage and ribboned with canals that draw millions to its heart each year. Get a close look at the wonders of this Dutch city and find no shortage of travel inspiration. 

When ready, browse vacation packages to Amsterdam: https://www.expedia.com/Amsterdam.d178229.Destination-Travel-Guides
  
#Amsterdam is the largest city in the Netherlands, also known as Holland. The fun-loving Dutch welcome 3.5 million tourists a year, making Amsterdam one of the top destinations in Europe.

No Amsterdam #vacation is complete without exploring some of its 165 canals and 1,000 bridges. This city is rich in history; when you set out to explore ‚ÄúThe Venice of the North,‚Äù you‚Äôll find buildings dating back to the 13th century, as well as Dam Square and its royal palace. 

If you‚Äôve got an appreciation for fine art, your Amsterdam #sightseeing should pause at the Rijksmuseum, where you can find the works of Rembrandt and other Dutch masters. Up for a pint? Stop by the old Heineken Brewery and learn about the lager brewing process. 

For now, we hope you enjoy watching this #travel #guide as much as we enjoyed making it. 

More travel information around Amsterdam: https://www.expedia.com/Amsterdam.dx178229

Subscribe to Expedia‚Äôs YouTube Channel for great travel videos and join the conversation on the best vacation ideas. 

---------

Follow us on social media: 
FACEBOOK: https://www.facebook.com/expedia
TWITTER: https://twitter.com/Expedia
INSTAGRAM: https://instagram.com/expedia/
PINTEREST: https://www.pinterest.com/expedia","['Amsterdam Free Walking Tour','Heineken Experience','75-Minute Water Colors Cruise','Van Gogh Museum Ticket','Johan Cruijff ArenA Stadium 75-Minute Tour','AíDAM Lookout Premium Ticket Including 2 Drinks','Keukenhof Entry Tickets and Transfers','Skip the Line Ticket and Audio Guide: Amsterdam Royal Palace','Ultimate Party Pub Crawl ñ Red Light District','Volendam Marken & Windmills with Free 1-Hour Canal Cruise']",Amsterdam Schiphol (AMS) Airport
Barcelona,Spain,"https://maps.google.com/?q=Barcelona,+Spain&ftid=0x12a49816718e30e5:0x44b0fb3d4f47660a","Barcelona ‚Äì dive into the Catalan creativity that has defined the city and draws millions to its heart each year. After this video, you‚Äôll see why!

#Barcelona is perhaps most famous for the masterpiece La Sagrada Familia and the other works of architect, Antonio Gaudi, strewn across the city. Be sure not to miss them, but keep in mind that this is a #vacation #destination with so much more on offer. A #trip to Barcelona means a stay in one of Europe‚Äôs great cities. 

From its world heritage sites to its sunlit beaches, and all the galleries and museums in between, Barcelona will keep you busy. Follow our journey through the beautiful Spanish city and note your favorite #attractions for when you start planning a trip of your own!

For now, we hope you enjoy watching this #travel #guide as much as we enjoyed making it. 

More travel information around Barcelona: 
https://www.expedia.com/Barcelona.dx179992

Subscribe to Expedia‚Äôs YouTube Channel for great travel videos and join the conversation on the best vacation ideas!

---------

Follow us on social media: 
FACEBOOK: https://www.facebook.com/expedia
TWITTER: https://twitter.com/Expedia
INSTAGRAM: https://instagram.com/expedia/
PINTEREST: https://www.pinterest.com/expedia","['Las Ramblas','Sagrada FamÌlia','Casa BatllÛ','Casa Mil‡','City Beaches','La Boqueria','Camp Nou','Park G¸ell','Barcelona City History Museum','MontjuÔc']",Josep Tarradellas Barcelona-El Prat Airport
Berlin,Germany,"https://maps.google.com/?q=Berlin,+Germany&ftid=0x47a84e373f035901:0x42120465b5e3b70","Berlin ‚Äì Germany‚Äôs capital city has had a long and storied past, making it a fascinating place to visit today. Check out the top sights in Berlin!

When ready, browse vacation packages to Berlin: https://www.expedia.com/Berlin.d179892.Destination-Travel-Guides

Your #Berlin #vacation should include a #tour of the incredible architecture of the city owed to its lengthy history. From the Charlottenburg Palace to the Bahn Tower, you‚Äôll find plenty to look at in the city‚Äôs downtown area. Stop by Prater Garten for a German brew‚Äîbuilt in 1837, it‚Äôs one of few buildings that has survived both World Wars. 

#Visit Museum Island, located in the Spree River. It features five museums where you can explore the art of numerous cultures, or wander through a replica of the Ishtar Gate. 

If you‚Äôre looking for a thriving nightlife, Berlin is the place to go. When the sun sets on the city, the party really begins, and you can find any number of clubs where you can dance until long after the sun comes up.

For now, we hope you enjoy watching this #travel #guide as much as we enjoyed making it. 

More travel information around Berlin: https://www.expedia.com/Berlin.dx179892

Subscribe to Expedia‚Äôs YouTube Channel for great travel videos and join the conversation on the best vacation ideas. 

---------

Follow us on social media: 
FACEBOOK: https://www.facebook.com/expedia
TWITTER: https://twitter.com/Expedia
INSTAGRAM: https://instagram.com/expedia/
PINTEREST: https://www.pinterest.com/expedia","['Brandenburg Gate','Reichstag','Tiergarten','Victory Column (Siegess‰ule)','Museum Island','Neues Museum','Gem‰ldegalerie','Gedenkst‰tte Berliner Mauer','Pergamon Museum',' Deutsches Historisches Museum']",Berlin Tegel
Budapest,Hungary,"https://maps.google.com/?q=Budapest,+Hungary&ftid=0x4741c334d1d4cfc9:0x400c4290c1e1160","https://www.expedia.com/Budapest.d179994.Destination-Travel-Guides

The Hungarian capital, Budapest, is situated on the banks of the Danube in Central Europe. It‚Äôs the political, economic and cultural heart of the nation, and one of the most beautiful and livable cities on the continent.
  
For a sweeping overview of the city head to the Buda side of the Danube and take in the views from the 19th century ramparts on Gell√©rt Hill. Just upriver is Budapest‚Äôs oldest area, The Castle District, home to Buda Castle, Matthias Church and Fisherman‚Äôs Bastion.
 
Once you‚Äôve explored the heights of Castle Hill, cross the Sz√©chenyi Chain Bridge to the Pest side of the city and follow the riverbank upstream to Hungary‚Äôs Parliament Building. Nearby, pay your respects at the Shoes on the Danube Memorial, a sobering tribute to the thousands who were executed here during The Second World War.
 
After admiring the magnificent dome of St. Stephen‚Äôs Basilica, allow yourself to be swept up Andrassy Avenue. This world heritage listed boulevard opens out onto Heroes‚Äô Square and City Park.  The park is home to the Sz√©chenyi Thermal Baths, just one of the city‚Äôs many lavish bathhouses. For many in Budapest, ‚Äútaking the waters‚Äù is a weekly ritual.
 
Whether it‚Äôs the sparkling Danube or the thermal springs, there‚Äôs something truly rejuvenating in the water here. So when you‚Äôre ready to experience moments of refection, inspiration, and sublime beauty, come to Budapest, you‚Äôre sure to come away rejuvenated too.","['Parliament Building','GellÈrt Baths','Heroesí Square','Margaret Island','Danube Promenade','House of Terror','St. Stephenís Basilica','Hungarian State Opera House','Fishermanís Bastion','Invisible Exhibition']",Budapest (BUD) Airport
Copenhagen,Denmark,"https://maps.google.com/?q=Copenhagen,+Denmark&ftid=0x4652533c5c803d23:0x4dd7edde69467b8","http://www.expedia.com.my/Copenhagen.d178252.Travel

Copenhagen City Video Guide | Expedia","['Tivoli Gardens','Little mermaid statue','Str¯get','Nyhavn','Nationalmuseet','Christiansborg Palace','Rent a bicycle','Botanical Garden','Christiania','Rosenborg Castle']",Bornholm Airport
Dublin,Ireland,"https://maps.google.com/?q=Dublin,+Ireland&ftid=0x48670e80ea27ac2f:0xa00c7a9973171a0","Dublin ‚Äì where history and heritage thrive, and good cheer abounds. Check out the top sights and stories of the capital city and start planning a trip of your own!

When ready, browse vacation packages to Dublin: https://www.expedia.com/Dublin.d178256.Destination-Travel-Guides

Despite a long and sometimes tragic history of invasion and resistance, this thriving business capital has poetry, music and literature percolating through its cobblestones.

While #Dublin proudly honours its past, it is equally passionate about enjoying each and every new day. Nowhere is life celebrated more than in the city‚Äôs nearly 700 pubs. 

Of all the gifts, Dublin has given to the world, perhaps the most intoxicating are its stories. Originally built for the sons of the Irish gentry, the ivy-covered stone buildings of Trinity College are home to some of the oldest remaining manuscripts in the world, including the 1000-year-old Book of Kells.

Dubliner Jonathan Swift, once said, ‚ÄúMay you live all the days of your life.‚Äù There is no better way to define Dublin. Its passion for life is contagious, captivating and sure to stay with you after your #vacation here for the rest of your days.

For now, we hope you enjoy watching this #travel #guide as much as we enjoyed making it. 

More travel information around Dublin: https://www.expedia.com/Dublin.dx178256

Subscribe to Expedia‚Äôs YouTube Channel for great travel videos and join the conversation on the best vacation ideas. 

---------

Follow us on social media: 
FACEBOOK: https://www.facebook.com/expedia
TWITTER: https://twitter.com/Expedia
INSTAGRAM: https://instagram.com/expedia/
PINTEREST: https://www.pinterest.com/expedia","['Party like the Irish at The Temple Bar','Drink Inside a Restored Cathedral at The Church','Visit the Guinness Storehouse Factory','Take a Tour of the Old Jameson Distillery','Take a photo with The Spire of Dublin','Marvel at the Beauty of St. Patrickís Cathedral','Go Back in Time to Dublin Castle','Take a Walk over Haípenny Bridge','Visit Christ Church Cathedral','Have a Picnic in Phoenix Park']",Oakland International Airport
Edinburgh,UK,"https://maps.google.com/?q=Edinburgh,+UK&ftid=0x4887b800a5982623:0x64f2147b7ce71727","Edinburgh ‚Äì The capital of Scotland and safely proclaimed to be one of the world‚Äôs most beautiful cities. Click play to check out the top sights. 

When ready, browse vacation packages to Edinburgh: https://www.expedia.com/Edinburgh.d6069845.Destination-Travel-Guides

A #vacation to #Edinburgh lets you rub shoulders with history. Its Old Town and Royal Mile are filled with the ghosts of medieval merchants and poets, while its New Town shines with the glories of the Scottish Enlightenment.  

To see Edinburgh in all her glory, climb to Arthur‚Äôs Seat, the highest of the city‚Äôs seven peaks. #Visit Edinburgh Castle, the symbol of Scotland. Over the last eleven centuries, this castle has been laid siege to 26 times but still it stands, a testimony to the indomitable spirit of the Scots.
 
Explore centuries of innovation at the Scottish Museum, or head to South Queensferry to see the Forth Bridge, an engineering marvel when it opened in 1890. The Royal Botanic Gardens is one of the world‚Äôs oldest and most important centers of botanical science, yet it‚Äôs still a place which invites one to slow down.
 
For now, we hope you enjoy watching this #travel #guide as much as we enjoyed making it. 

More travel information around Edinburgh: https://www.expedia.com/Edinburgh.dx6069845

Subscribe to Expedia‚Äôs YouTube Channel for great travel videos and join the conversation on the best vacation ideas. 
 
---------

Follow us on social media: 
FACEBOOK: https://www.facebook.com/expedia
TWITTER: https://twitter.com/Expedia
INSTAGRAM: https://instagram.com/expedia/
PINTEREST: https://www.pinterest.com/expedia","['Edinburgh Castle','Princes Street','Holyrood Palace','Camera Obscura','Arthurís Seat','Mary Kingís Close','St Gilesí Cathedral','Scottish National Gallery','Scott Monument','Royal Botanic Garden']",Edinburgh Airport
Helsinki,Finland,"https://maps.google.com/?q=Helsinki,+Finland&ftid=0x46920bc796210691:0xcd4ebd843be2f763","Helsinki ‚Äì Welcome to Finland‚Äôs thriving waterfront capital. Follow us through the city to check out the coolest things to see and do here. 

When ready, browse vacation packages to Helsinki: https://www.expedia.com/Helsinki.d178261.Destination-Travel-Guides

#Helsinki is situated at the northeastern edge of the Baltic Sea between Sweden and Russia, drawing influence from both Western and Eastern European traditions.

Begin your #vacation #sightseeing. #Visit Suomenlinna Fortress which has protected the Gulf of Finland for almost 300 years. #Explore the many museums and galleries across the city, including the Helsinki Design Museum, featuring a permanent exhibition for great moments of Finnish design. 

See a theatrical or musical production at Finlandia Hall or the Helsinki Music Centre. Helsinki Cathedral is a breathtaking whitewashed structure towering above the rest of the city. Uspenski Cathedral is built with dark bricks; it is powerfully conspicuous as it rises from the surrounding white granite of the Katajanokka district. 

It‚Äôs not the sights alone that lure visitors from all over the world, it‚Äôs the people. See for yourself why Helsinki‚Äôs long-held reputation is that of one of the world‚Äôs happiest places. 

For now, we hope you enjoy watching this #travel #guide as much as we enjoyed making it. 

More travel information around Helsinki: ¬†https://www.expedia.com/Helsinki.dx178261

---------

Follow us on social media: 
FACEBOOK: https://www.facebook.com/expedia
TWITTER: https://twitter.com/Expedia
INSTAGRAM: https://instagram.com/expedia/
PINTEREST: https://www.pinterest.com/expedia","['Suomenlinna','Helsinki Cathedral','Esplanadi','Temppeliaukio Church','Seurasaari Island','Uspenski Cathedral','Old Market Hall','Urban Sauna visit','Linnanm‰ki','Crayfish parties']",Helsinki-Vantaa Airport
Lisbon,Portugal,"https://maps.google.com/?q=Lisbon,+Portugal&ftid=0xd19331a61e4f33b:0x400ebbde49036d0","Lisbon ‚Äì Welcome to the capital of Portugal. Explore the hilly streets of this coastal city and take in the rich culture here. Check out the top spots to visit. 

When ready, browse vacation packages to Lisbon: https://www.expedia.com/Lisbon-District.d178278.Destination-Travel-Guides

From a Phoenician outpost to 16th-century trading giant, from the Great Earthquake of 1755 to its glorious reconstruction, #Lisbon has long been a city of shifting fortunes.
 
On a #visit to the waterfront, find the city‚Äôs grand gateway, Pra√ßa do Com√©rcio. Pass beneath the triumphal arch, a tribute to the city‚Äôs reconstruction, and on to Rua Augusta to another of Lisbon‚Äôs great squares, the Rossio.
 
Climb aboard Tram 28, which passes some of the city‚Äôs most iconic sights, then climb the battlements of Castelo de S√£o Jorge to see the red-tiled roofs of Lisbon spread out before you.
 
Although the Great Earthquake reduced much of Lisbon to rubble, the ancient suburb of Alfama was spared. Lose yourself amid the cobblestones, where cafes, bars and artisan shops have taken residence in the dockworkers‚Äô homes of old. 

A #vacation here will reward you with some of Europe‚Äôs most beautiful beaches. 
 
For now, we hope you enjoy watching this #travel #guide as much as we enjoyed making it. 

More travel information around Lisbon: https://www.expedia.com/Lisbon-District.dx178278

Subscribe to Expedia‚Äôs YouTube Channel for great travel videos and join the conversation on the best vacation ideas. 
 
---------

Follow us on social media: 
FACEBOOK: https://www.facebook.com/expedia
TWITTER: https://twitter.com/Expedia
INSTAGRAM: https://instagram.com/expedia/
PINTEREST: https://www.pinterest.com/expedia","['Wonder at the Torre de BelÈm','Ride Tram 28','Get lost in the Alfama District','Make a trip to Sintra','Enjoy the azulejos in the National Tile Museum','Conquer the bulwarks of St Georgeís Castle','Trace glorious history in the Monastery of JerÛnimos','Go underwater in the Lisbon Oceanarium','Wonder at the master works of the National Museum of Ancient Art','Get a taste of the East in Museu do Oriente']",Lisbon (LIS) Airport
Ljubljana,Slovenia,"https://maps.google.com/?q=Ljubljana,+Slovenia&ftid=0x476531f5969886d1:0x400f81c823fec20","Step into the narrow streets of the town center, where instead of traffic you‚Äôll hear bicycle bells, and instead of gridlock you‚Äôll find riverbanks lined with cafes, pubs and historic architecture. 

Ride the funicular to Ljubljana Castle, a beloved landmark that has been standing above the city for more than 900 years.Then head toPreseren Square, named after France Preseren, whose poem ‚ÄúA Toast‚Äù became the country‚Äôs national anthem. 

Stroll to nearbyCongress Squareand Park Zvezda. From here, you can see theUniversity of Ljubljana, one of the largest places of learning in Europe. 

Visit the Slovene Philharmonic Orchestra building, one of the world‚Äôs oldest musical institutions with famous connections to composers such as Beethoven and Brahms. 

Cross the Dragon Bridge, famous for its fearsome dragon statues, who‚Äôs tails are said to twitch when a pure and untouched maiden is nearby. 

Pick up a free bicycle rental and follow the Jokopic Promenade to the Tivoli Castle and check out the print collection at the International Centre of Graphic Arts.

Immerse yourself in art of a different kind in the Metelkova Mesto, a funky cultural zone, which hosts more than 1500 events each year.

Ljubljana may have taken a dragon as its symbol but unlike that mythical beast, this city is welcoming, warm and delighted to share its treasures with visitors.

For now, we hope you enjoy watching this #travel #guide as much as we enjoyed making it. 

More travel information around Ljubljana: https://www.expedia.com/Ljubljana.dx2085

---------

Follow us on social media: 
FACEBOOK: https://www.facebook.com/expedia
TWITTER: https://twitter.com/Expedia
INSTAGRAM: https://instagram.com/expedia/
PINTEREST: https://www.pinterest.com/expedia","['Preöeren Square','Triple Bridge','Ljubljana Castle','Dragon Bridge','Tivoli Park','Ljubljana Cathedral','Central Market','Franciscan Church of the Annunciation','National Gallery of Slovenia','Metelkova Mesto']",Ljubljana (LJU) Airport
London,UK,"https://maps.google.com/?q=London,+UK&ftid=0x47d8a00baf21de75:0x52963a5addd52a99","Catch a glimpse of the famous London town! Or more than a glimpse ‚Äì we‚Äôll show you through the whole city.

When ready, browse vacation packages to London: https://www.expedia.com/London.d178279.Destination-Travel-Guides

A trip to #London might as well be a trip through history. This city is full of modern construction mixed with ancient buildings. 

Your London #vacation must include St. Paul‚Äôs Cathedral, one of its most well-known churches. You‚Äôll also want to see the Tower of London, the Palace of Westminster, and Westminster Abbey for exquisite examples of the city‚Äôs famous architectural landmarks. Walk or jog through numerous green spaces, among them Hyde Park and Green Park, in the center of London.

Continue your London #sightseeing in the West End, where you‚Äôll find ancient buildings converted into modern shops, restaurants, bars, and shows. You‚Äôll find one of the largest theatre districts in the world here, and can take in a different play almost every night of the week. 

Climb aboard the London Eye and see the old and new parts of the city all at once.

For now, we hope you enjoy watching this #travel #guide as much as we enjoyed making it. 

More travel information around London: https://www.expedia.com/London.dx178279

Subscribe to Expedia‚Äôs YouTube Channel for great travel videos and join the conversation on the best vacation ideas. 

---------

Follow us on social media: 
FACEBOOK: https://www.facebook.com/expedia
TWITTER: https://twitter.com/Expedia
INSTAGRAM: https://instagram.com/expedia/
PINTEREST: https://www.pinterest.com/expedia","['Tower Bridge','Tate Modern','Shakespeareís Globe','Borough Market','The Shard','Southwark Cathedral','Millennium Bridge','Imperial War Museum London','HMS Belfast','The Old Operating Theatre Museum and Herb Garret']",London Heathrow
Oslo,Norway,"https://maps.google.com/?q=Oslo,+Norway&ftid=0x46416e61f267f039:0x7e92605fd3231e9a","Oslo ‚Äì Welcome to the capital of Norway. A visit to this south coast city means a trip into its fascinating past. Check out the top attractions in Oslo. 

When ready, browse vacation packages to Oslo: https://www.expedia.com/Oslo.d178295.Destination-Travel-Guides

A #vacation to #Oslo brings you to the same waters once traversed by Viking longships centuries ago. Norway‚Äôs rich connection to the sea did not stop with the Vikings; #visit the Viking Ship Museum and several other educational complexes dedicated to the salt water that flows through Oslo‚Äôs veins.

Prepare yourself for an evening of extraordinary live performances at the Oslo Opera House. Besides being a popular performing arts venue, it‚Äôs also a popular place for locals to meet before heading out into town.

If you plan your Oslo #sightseeing during the summer, prepare yourself for long days of endless sunshine. Oslo‚Äôs position in the northern hemisphere ensures that the sun does not set until after 11 o‚Äôclock at night during the warm season. Who said you couldn‚Äôt get more hours in the day?

For now, we hope you enjoy watching this #travel #guide as much as we enjoyed making it. 

More travel information around Oslo: https://www.expedia.com/Oslo.dx178295

Subscribe to Expedia‚Äôs YouTube Channel for great travel videos and join the conversation on the best vacation ideas. 
 
---------

Follow us on social media: 
FACEBOOK: https://www.facebook.com/expedia
TWITTER: https://twitter.com/Expedia
INSTAGRAM: https://instagram.com/expedia/
PINTEREST: https://www.pinterest.com/expedia","['Bygd¯y Peninsula','Viking Ship Museum','Frogner Park','Vigeland Museum','Fram Museum','Norwegian Folk Museum','Norwegian National Gallery','Oslo Opera House','Kon-Tiki Museum','Holmenkollen Ski Museum & Tower']",Oslo Airport Gardermoen
Paris,France,"https://maps.google.com/?q=Paris,+France&ftid=0x47e66e1f06e2b70f:0x40b82c3688c9460","The City of Light glows as bright as ever as the most visited city in the world. Follow us on our journey through Paris and see why for yourself. 

When ready, browse vacation packages to Paris: https://www.expedia.com/Paris.d179898.Destination-Travel-Guides

#Paris attracts 42 million visitors a year, be one of them with a #vacation of your own. #Visit the Arc de Triomphe in the center of the city, one of a number of historical arches and landmarks peppering Paris.

Head to the Champs-√âlys√©es, home of boutique shopping, numerous restaurants, and many bars, along with a theatre and other entertaining venues. Learn about culture and creativity at the Louvre, a 14th-century palace turned art museum, and check in on the Mona Lisa. Notre Dame Cathedral cannot be missed!

The Eiffel Tower is most frequently used to represent Paris. Stroll beneath it to get a good idea of its height, or travel to the top for a stunning view of the City of Light.

For now, we hope you enjoy watching this #travel #guide as much as we enjoyed making it. 

More travel information around Paris: https://www.expedia.com/Paris.dx179898

Subscribe to Expedia‚Äôs YouTube Channel for great travel videos and join the conversation on the best vacation ideas. 

---------

Follow us on social media: 
FACEBOOK: https://www.facebook.com/expedia
TWITTER: https://twitter.com/Expedia
INSTAGRAM: https://instagram.com/expedia/
PINTEREST: https://www.pinterest.com/expedia","['The Louvre','MusÈe díOrsay','Eiffel Tower','Notre-Dame de Paris','Palace of Versailles','HÙtel des Invalides','MusÈe de líOrangerie','Centre Georges Pompidou','Arc de Triomphe','Sainte-Chapelle']",Charles De Gaulle airport†(CDG)
Prague,Czechia,"https://maps.google.com/?q=Prague,+Czechia&ftid=0x470b939c0970798b:0x400af0f66164090","Prague ‚Äì a city fit for a storybook. Let us show you the best and most beautiful places in the city ‚Äì adventure is waiting for you here! 

When ready, browse vacation packages to Prague: https://www.expedia.com/Prague.d180014.Destination-Travel-Guides

#Prague is a city in the Czech Republic where sleek, modern buildings share space with ancient gothic architecture. Wander down the twisting cobblestone streets ‚Äì you‚Äôre sure to find something new and exciting. After all, even locals get lost here.

A Prague #vacation usually involves the Royal Route, a historic coronation path that will take you through Old Town. Walk a few blocks to Old Town Square and sample local street fare in the shadow of old castles and palaces. Cross over the Charles Bridge and climb up to Prague Castle, a network of palaces, churches, and numerous museums. 

Your Prague #sightseeing must pause at St. Vitus Cathedral, a massive gothic structure dating back 600 years. You‚Äôll see people gathered under the statue of St. Wenceslas to share their daily adventures. The people here are friendly, so why not join them and chime in with your own stories?

For now, we hope you enjoy watching this #travel #guide as much as we enjoyed making it. 

More travel information around Prague: https://www.expedia.com/Prague.dx180014

Subscribe to Expedia‚Äôs YouTube Channel for great travel videos and join the conversation on the best vacation ideas. 

---------

Follow us on social media: 
FACEBOOK: https://www.facebook.com/expedia
TWITTER: https://twitter.com/Expedia
INSTAGRAM: https://instagram.com/expedia/
PINTEREST: https://www.pinterest.com/expedia","['See the Infant Jesus of Prague','Explore the Old Town Square','Watch the Astronomical Clock Strike an Hour','Stroll across the Charles Bridge','Witness the old Jewish Ghetto','Visit Prague Castle','See the Treasures of St Vitus Cathedral','Golden Lane ñ Playground for Alchemists','Eat a Pork Knuckle','Investigate the KGB Museum']",Prague (PRG) Airport
Metropolitan City of Rome,Italy,"https://maps.google.com/?q=Metropolitan+City+of+Rome,+Italy&ftid=0x13258a111bd74ac3:0x3094f9ab2388100","Rome ‚Äì A city of staggering history and beauty. Check out its best sights in our travel video and start planning a trip of your own so you can become a part of the story.  

When ready, browse vacation packages to Rome: https://www.expedia.com/Rome.d179899.Destination-Travel-Guides

#Rome, the former Caput Mundi, or Capital of the World, sits beneath Palatine Hill, where the ruins of its original incarnation are open for exploration.

No #vacation is complete without stopping by the remains of the Temple of Saturn and Arch of Septimus, both located in the Roman Forum. Stop by the Colosseum, a relic of Roman bloodsports and perhaps the most recognizable element of the city.

Toss a coin into the Trevi Fountain to ensure you‚Äôll return to Rome one day; don‚Äôt toss in two coins unless you‚Äôre ready to fall in love with a Roman. 

Continue your Rome #sightseeing in St. Peter‚Äôs Square, home of St. Peter‚Äôs Basilica. The world‚Äôs largest church, designed by Michelangelo, is both a remarkable structure and a tribute to faith. After this, it‚Äôs just a few steps to restaurants filled with Italian food. Forget coming back to Rome ‚Äì you‚Äôll never want to leave.

For now, we hope you enjoy watching this #travel #guide as much as we enjoyed making it. 

More travel information around Rome: https://www.expedia.com/Rome.dx179899

Subscribe to Expedia‚Äôs YouTube Channel for great travel videos and join the conversation on the best vacation ideas. 

---------

Follow us on social media: 
FACEBOOK: https://www.facebook.com/expedia
TWITTER: https://twitter.com/Expedia
INSTAGRAM: https://instagram.com/expedia/
PINTEREST: https://www.pinterest.com/expedia","['Colosseum','St Peterís Square','St. Peterís Basilica','The Pantheon','Trevi Fountain','Spanish Steps','Roman Forum','Sistine Chapel','Vatican Museums','Piazza Navona']",Ciampino
Stockholm,Sweden,"https://maps.google.com/?q=Stockholm,+Sweden&ftid=0x465f763119640bcb:0xa80d27d3679d7766","Stockholm ‚Äì This city of islands welcomes you to enjoy its streets, sights and stories. Check out our footage of the waterside city and start planning a trip of your own! 

Check out all the places we visited in this video: https://viewfinder.expedia.com/stockholm-vacation-ideas-planning-itinerary-travel-video

When ready, browse vacation packages to Stockholm: https://www.expedia.com/Stockholm.d178311.Destination-Travel-Guides


#Stockholm, Sweden‚Äôs gorgeous capital, truly encapsulates style and simplicity. It is forever faithful to its historic story and proudly displays 750-year-old historic gems in its heart, Gamla Stan. Yet this city doesn‚Äôt live in the past. It has a vibrant modern today, too. In Norrmalm, admire striking contemporary masterpieces of architecture, which complement their age-old neighbors. 

Stockholm is effortlessly stylish, yet charmingly simple, and navigating around its 14 islands and 57 bridges is a breeze. So, make you next #vacation be to this ‚ÄúBeauty on Water‚Äù and discover its cultural gifts. Let Stockholm sweep you away in a current of inspiration and delight.

For now, we hope you enjoy watching this #travel #guide as much as we enjoyed making it. 

More travel information around Melbourne: https://www.expedia.com/Stockholm.dx178311

Subscribe to Expedia‚Äôs YouTube Channel for great travel videos and join the conversation on the best vacation ideas.

---------

Follow us on social media: 
FACEBOOK: https://www.facebook.com/expedia
TWITTER: https://twitter.com/Expedia
INSTAGRAM: https://instagram.com/expedia/
PINTEREST: https://www.pinterest.com/expedia","['Gamla Stan','Skansen','Vasa Museum','Modern Art Museum','The Medieval Museum','Junibacken','Swedish History Museum','Royal Palace','Fotografiska','The City Hall']",Stockholm Arlanda Airport
Vienna,Austria,"https://maps.google.com/?q=Vienna,+Austria&ftid=0x476d079e5136ca9f:0xfdc2e58a51a25b46","Vienna ‚Äì the musical, cultural and historical heart of Austria. Follow us through the magic and plan a trip of your own!

When ready, browse vacation packages to Vienna: https://www.expedia.com/Vienna.d178316.Destination-Travel-Guides

During the late 19th and early 20th century, #Vienna became a cultural epicenter of Europe, contributing art, philosophy, and culture on its way to becoming one of the world‚Äôs great cities.

During your #vacation, drink coffee in the same cafes as Einstein and Freud, or wander down the streets that inspired Beethoven. #Tour galleries devoted to some of the most magnificent artwork in all of Europe. 

Find out why Vienna is long-hailed The City of Music at the Vienna State Opera. A backstage tour will show you all the ins and outs of this majestic place, as well as give you a glimpse of why it has been at the forefront of entertainment since its construction in the 1800s. 

Stroll through the pathways of Volksgarten and sniff the sweet fragrance of its hundreds of roses. What better way to end a day in one of the world‚Äôs most beautiful cities?

For now, we hope you enjoy watching this #travel #guide as much as we enjoyed making it. 

More travel information around Vienna: https://www.expedia.com/Vienna.dx178316

Subscribe to Expedia‚Äôs YouTube Channel for great travel videos and join the conversation on the best vacation ideas. 

---------

Follow us on social media: 
FACEBOOK: https://www.facebook.com/expedia
TWITTER: https://twitter.com/Expedia
INSTAGRAM: https://instagram.com/expedia/
PINTEREST: https://www.pinterest.com/expedia","['Schˆnbrunn Palace','Hofburg Palace','St Stephenís Cathedral','Schonbrunn Gardens','Rathaus','Tiergarten Schonbrunn (Vienna Zoo)','Belvedere Museum','Vienna State Opera','Vienna Natural History Museum','Prater Amusement Park']",Vienna (VIE) Airport
Warsaw,Poland,"https://maps.google.com/?q=Warsaw,+Poland&ftid=0x471ecc669a869f01:0x72f0be2a88ead3fc","Warsaw ‚Äì The capital of Poland stands today as the product of some of history‚Äôs most defining events. Follow us through the city and see all the best spots to visit here. 

When ready, browse vacation packages to Warsaw: https://www.expedia.com/Warsaw.d178317.Destination-Travel-Guides

For centuries #Warsaw has been a center of refinement and knowledge. Its strategic position has also made it one of the most invaded countries in Europe. Your #vacation here will bring you up close to the sites of these historic events in the Old Town and across Warsaw‚Äôs many monuments to the past. 

Enjoy more historical sites along the Royal Route. Visit St Johns Cathedral and St Anne‚Äôs Church, whose interior miraculously survived the war. One of the few statues not destroyed by the German army is the mermaid Syrena, the symbol and protector of Warsaw.

Keep apace of the city‚Äôs stories at the many museums here. Visit the Palace of Culture and Science and the Copernicus Science Centre. Don‚Äôt miss Wilanow Palace, with luxurious artworks and formal gardens.

Since the fall of the Iron Curtain, Poland‚Äôs economy has boomed, reflected in the luxury malls, such as Zlote Tarasy and the VITKAC Department store.

For now, we hope you enjoy watching this #travel #guide as much as we enjoyed making it. 

More travel information around Warsaw: https://www.expedia.com/Warsaw.dx178317

Subscribe to Expedia‚Äôs YouTube Channel for great travel videos and join the conversation on the best vacation ideas. 
 
---------

Follow us on social media: 
FACEBOOK: https://www.facebook.com/expedia
TWITTER: https://twitter.com/Expedia
INSTAGRAM: https://instagram.com/expedia/
PINTEREST: https://www.pinterest.com/expedia","['Old Town','Royal Route','Lazienki Park','Old Town Market Place','POLIN Museum of the History of Polish Jews','Royal Castle','Castle Square','Warsaw Uprising Museum','Copernicus Science Centre','Palace of Culture and Science']",Warsaw Chopin Airport
Zurich,Switzerland,"https://maps.google.com/?q=Z%C3%BCrich,+Switzerland&ftid=0x47900b9749bea219:0xe66e8df1e71fdc03","Our Zurich Travel Guide is brought to you by SQUARESPACE: Visit http://www.squarespace.com/attache to save 10% off your first purchase of a website or domain. 

Our Zurich Travel Guide! Join us as we explore this beautiful Swiss city. 

Zurich is a city that doesn't get enough love. Packed with culture, history, creativity, and craft, Zurich has something for everyone. We experienced some Swiss comfort foods and learned the customs of this wonderful and inviting city.  

Get a copy of the Attach√© book! http://www.attachetravel.net/books

More of our travel guides - https://www.youtube.com/playlist?list=PLlFMka6BkfokiAHF1FRl3-vjE3htGUHHF

How we film our travel guides - https://www.youtube.com/watch?v=oPFmRWNzG84","['Lake Z¸rich','Museum of Art','Altstadt (Old Town)','Lindenhof','Z¸rich-West','Swiss National Museum','Grossm¸nster','Z¸rich Zoo','Uetliberg','Niederdorf']",Zurich (ZRH) Airport
